abbrev,measDate,value,measUnit
CLAFTCCO,2020-10-01,42,cfs
CLAFTCCO,2020-10-02,36,cfs
CLAFTCCO,2020-10-03,34,cfs
CLAFTCCO,2020-10-04,32,cfs
CLAFTCCO,2020-10-05,35,cfs
CLAFTCCO,2020-10-06,30,cfs
CLAFTCCO,2020-10-07,30,cfs
CLAFTCCO,2020-10-08,34,cfs
CLAFTCCO,2020-10-09,34,cfs
CLAFTCCO,2020-10-10,27,cfs
CLAFTCCO,2020-10-11,21,cfs
CLAFTCCO,2020-10-12,29,cfs
CLAFTCCO,2020-10-13,26,cfs
CLAFTCCO,2020-10-14,43,cfs
CLAFTCCO,2020-10-15,39,cfs
CLAFTCCO,2020-10-16,44,cfs
CLAFTCCO,2020-10-17,39,cfs
CLAFTCCO,2020-10-18,45,cfs
CLAFTCCO,2020-10-19,46,cfs
CLAFTCCO,2020-10-20,39,cfs
CLAFTCCO,2020-10-21,36,cfs
CLAFTCCO,2020-10-22,46,cfs
CLAFTCCO,2020-10-23,65,cfs
CLAFTCCO,2020-10-24,72,cfs
CLAFTCCO,2020-10-25,60,cfs
CLAFTCCO,2020-10-26,65,cfs
CLAFTCCO,2020-10-27,70,cfs
CLAFTCCO,2020-10-28,69,cfs
CLAFTCCO,2020-10-29,89,cfs
CLAFTCCO,2020-10-30,82,cfs
CLAFTCCO,2020-10-31,74,cfs
CLAFTCCO,2020-11-01,56,cfs
CLAFTCCO,2020-11-02,52,cfs
CLAFTCCO,2020-11-03,44,cfs
CLAFTCCO,2020-11-04,55,cfs
CLAFTCCO,2020-11-05,72,cfs
CLAFTCCO,2020-11-06,86,cfs
CLAFTCCO,2020-11-07,78,cfs
CLAFTCCO,2020-11-08,72,cfs
CLAFTCCO,2020-11-09,65,cfs
CLAFTCCO,2020-11-10,50,cfs
CLAFTCCO,2020-11-11,35,cfs
CLAFTCCO,2020-11-12,30,cfs
CLAFTCCO,2020-11-13,30,cfs
CLAFTCCO,2020-11-14,30,cfs
CLAFTCCO,2020-11-15,40,cfs
CLAFTCCO,2020-11-16,31,cfs
CLAFTCCO,2020-11-17,45,cfs
CLAFTCCO,2020-11-18,51,cfs
CLAFTCCO,2020-11-19,45,cfs
CLAFTCCO,2020-11-20,42,cfs
CLAFTCCO,2020-11-21,38,cfs
CLAFTCCO,2020-11-22,23,cfs
CLAFTCCO,2020-11-23,12,cfs
CLAFTCCO,2020-11-24,60,cfs
CLAFTCCO,2020-11-25,44,cfs
CLAFTCCO,2020-11-26,30,cfs
CLAFTCCO,2020-11-27,39,cfs
CLAFTCCO,2020-11-28,28,cfs
CLAFTCCO,2020-11-29,25,cfs
CLAFTCCO,2020-11-30,34,cfs
CLAFTCCO,2020-12-01,26,cfs
CLAFTCCO,2020-12-02,25,cfs
CLAFTCCO,2020-12-03,25,cfs
CLAFTCCO,2020-12-04,35,cfs
CLAFTCCO,2020-12-05,30,cfs
CLAFTCCO,2020-12-06,35,cfs
CLAFTCCO,2020-12-07,40,cfs
CLAFTCCO,2020-12-08,40,cfs
CLAFTCCO,2020-12-09,45,cfs
CLAFTCCO,2020-12-10,40,cfs
CLAFTCCO,2020-12-11,35,cfs
CLAFTCCO,2020-12-12,30,cfs
CLAFTCCO,2020-12-13,30,cfs
CLAFTCCO,2020-12-14,35,cfs
CLAFTCCO,2020-12-15,40,cfs
CLAFTCCO,2020-12-16,45,cfs
CLAFTCCO,2020-12-17,45,cfs
CLAFTCCO,2020-12-18,50,cfs
CLAFTCCO,2020-12-19,50,cfs
CLAFTCCO,2020-12-20,60,cfs
CLAFTCCO,2020-12-21,65,cfs
CLAFTCCO,2020-12-22,70,cfs
CLAFTCCO,2020-12-23,60,cfs
CLAFTCCO,2020-12-24,65,cfs
CLAFTCCO,2020-12-25,60,cfs
CLAFTCCO,2020-12-26,65,cfs
CLAFTCCO,2020-12-27,60,cfs
CLAFTCCO,2020-12-28,55,cfs
CLAFTCCO,2020-12-29,50,cfs
CLAFTCCO,2020-12-30,45,cfs
CLAFTCCO,2020-12-31,50,cfs
CLAFTCCO,2021-01-01,50,cfs
CLAFTCCO,2021-01-02,50,cfs
CLAFTCCO,2021-01-03,55,cfs
CLAFTCCO,2021-01-04,50,cfs
CLAFTCCO,2021-01-05,55,cfs
CLAFTCCO,2021-01-06,50,cfs
CLAFTCCO,2021-01-07,45,cfs
CLAFTCCO,2021-01-08,45,cfs
CLAFTCCO,2021-01-09,40,cfs
CLAFTCCO,2021-01-10,35,cfs
CLAFTCCO,2021-01-11,40,cfs
CLAFTCCO,2021-01-12,40,cfs
CLAFTCCO,2021-01-13,50,cfs
CLAFTCCO,2021-01-14,45,cfs
CLAFTCCO,2021-01-15,50,cfs
CLAFTCCO,2021-01-16,50,cfs
CLAFTCCO,2021-01-17,50,cfs
CLAFTCCO,2021-01-18,45,cfs
CLAFTCCO,2021-01-19,40,cfs
CLAFTCCO,2021-01-20,55,cfs
CLAFTCCO,2021-01-21,55,cfs
CLAFTCCO,2021-01-22,50,cfs
CLAFTCCO,2021-01-23,50,cfs
CLAFTCCO,2021-01-24,45,cfs
CLAFTCCO,2021-01-25,50,cfs
CLAFTCCO,2021-01-26,40,cfs
CLAFTCCO,2021-01-27,35,cfs
CLAFTCCO,2021-01-28,40,cfs
CLAFTCCO,2021-01-29,45,cfs
CLAFTCCO,2021-01-30,45,cfs
CLAFTCCO,2021-01-31,40,cfs
CLAFTCCO,2021-02-01,45,cfs
CLAFTCCO,2021-02-02,50,cfs
CLAFTCCO,2021-02-03,55,cfs
CLAFTCCO,2021-02-04,45,cfs
CLAFTCCO,2021-02-05,45,cfs
CLAFTCCO,2021-02-06,40,cfs
CLAFTCCO,2021-02-07,45,cfs
CLAFTCCO,2021-02-08,35,cfs
CLAFTCCO,2021-02-09,35,cfs
CLAFTCCO,2021-02-10,35,cfs
CLAFTCCO,2021-02-11,30,cfs
CLAFTCCO,2021-02-12,25,cfs
CLAFTCCO,2021-02-13,25,cfs
CLAFTCCO,2021-02-14,20,cfs
CLAFTCCO,2021-02-15,25,cfs
CLAFTCCO,2021-02-16,30,cfs
CLAFTCCO,2021-02-17,30,cfs
CLAFTCCO,2021-02-18,30,cfs
CLAFTCCO,2021-02-19,35,cfs
CLAFTCCO,2021-02-20,35,cfs
CLAFTCCO,2021-02-21,40,cfs
CLAFTCCO,2021-02-22,40,cfs
CLAFTCCO,2021-02-23,35,cfs
CLAFTCCO,2021-02-24,30,cfs
CLAFTCCO,2021-02-25,35,cfs
CLAFTCCO,2021-02-26,40,cfs
CLAFTCCO,2021-02-27,40,cfs
CLAFTCCO,2021-02-28,45,cfs
CLAFTCCO,2021-03-01,45,cfs
CLAFTCCO,2021-03-02,50,cfs
CLAFTCCO,2021-03-03,55,cfs
CLAFTCCO,2021-03-04,45,cfs
CLAFTCCO,2021-03-05,50,cfs
CLAFTCCO,2021-03-06,50,cfs
CLAFTCCO,2021-03-07,55,cfs
CLAFTCCO,2021-03-08,50,cfs
CLAFTCCO,2021-03-09,56,cfs
CLAFTCCO,2021-03-10,60,cfs
CLAFTCCO,2021-03-11,47,cfs
CLAFTCCO,2021-03-12,48,cfs
CLAFTCCO,2021-03-13,52,cfs
CLAFTCCO,2021-03-14,68,cfs
CLAFTCCO,2021-03-15,70,cfs
CLAFTCCO,2021-03-16,75,cfs
CLAFTCCO,2021-03-17,75,cfs
CLAFTCCO,2021-03-18,79,cfs
CLAFTCCO,2021-03-19,69,cfs
CLAFTCCO,2021-03-20,76,cfs
CLAFTCCO,2021-03-21,92,cfs
CLAFTCCO,2021-03-22,85,cfs
CLAFTCCO,2021-03-23,95,cfs
CLAFTCCO,2021-03-24,100,cfs
CLAFTCCO,2021-03-25,92,cfs
CLAFTCCO,2021-03-26,86,cfs
CLAFTCCO,2021-03-27,80,cfs
CLAFTCCO,2021-03-28,86,cfs
CLAFTCCO,2021-03-29,110,cfs
CLAFTCCO,2021-03-30,157,cfs
CLAFTCCO,2021-03-31,161,cfs
CLAFTCCO,2021-04-01,97,cfs
CLAFTCCO,2021-04-02,51,cfs
CLAFTCCO,2021-04-03,68,cfs
CLAFTCCO,2021-04-04,97,cfs
CLAFTCCO,2021-04-05,118,cfs
CLAFTCCO,2021-04-06,158,cfs
CLAFTCCO,2021-04-07,130,cfs
CLAFTCCO,2021-04-08,133,cfs
CLAFTCCO,2021-04-09,93,cfs
CLAFTCCO,2021-04-10,67,cfs
CLAFTCCO,2021-04-11,81,cfs
CLAFTCCO,2021-04-12,68,cfs
CLAFTCCO,2021-04-13,67,cfs
CLAFTCCO,2021-04-14,65,cfs
CLAFTCCO,2021-04-15,67,cfs
CLAFTCCO,2021-04-16,79,cfs
CLAFTCCO,2021-04-17,79,cfs
CLAFTCCO,2021-04-18,76,cfs
CLAFTCCO,2021-04-19,83,cfs
CLAFTCCO,2021-04-20,82,cfs
CLAFTCCO,2021-04-21,86,cfs
CLAFTCCO,2021-04-22,162,cfs
CLAFTCCO,2021-04-23,238,cfs
CLAFTCCO,2021-04-24,233,cfs
CLAFTCCO,2021-04-25,260,cfs
CLAFTCCO,2021-04-26,338,cfs
CLAFTCCO,2021-04-27,268,cfs
CLAFTCCO,2021-04-28,414,cfs
CLAFTCCO,2021-04-29,567,cfs
CLAFTCCO,2021-04-30,761,cfs
CLAFTCCO,2021-05-01,1080,cfs
CLAFTCCO,2021-05-02,1220,cfs
CLAFTCCO,2021-05-03,1420,cfs
CLAFTCCO,2021-05-04,1450,cfs
CLAFTCCO,2021-05-05,1450,cfs
CLAFTCCO,2021-05-06,1350,cfs
CLAFTCCO,2021-05-07,1370,cfs
CLAFTCCO,2021-05-08,1490,cfs
CLAFTCCO,2021-05-09,1590,cfs
CLAFTCCO,2021-05-10,1370,cfs
CLAFTCCO,2021-05-11,1240,cfs
CLAFTCCO,2021-05-12,1130,cfs
CLAFTCCO,2021-05-13,1140,cfs
CLAFTCCO,2021-05-14,1040,cfs
CLAFTCCO,2021-05-15,1160,cfs
CLAFTCCO,2021-05-16,1260,cfs
CLAFTCCO,2021-05-17,1380,cfs
CLAFTCCO,2021-05-18,1440,cfs
CLAFTCCO,2021-05-19,1820,cfs
CLAFTCCO,2021-05-20,1650,cfs
CLAFTCCO,2021-05-21,1850,cfs
CLAFTCCO,2021-05-22,1780,cfs
CLAFTCCO,2021-05-23,2660,cfs
CLAFTCCO,2021-05-24,2180,cfs
CLAFTCCO,2021-05-25,1920,cfs
CLAFTCCO,2021-05-26,1870,cfs
CLAFTCCO,2021-05-27,1700,cfs
CLAFTCCO,2021-05-28,1730,cfs
CLAFTCCO,2021-05-29,1680,cfs
CLAFTCCO,2021-05-30,1630,cfs
CLAFTCCO,2021-05-31,1530,cfs
CLAFTCCO,2021-06-01,1560,cfs
CLAFTCCO,2021-06-02,1510,cfs
CLAFTCCO,2021-06-03,1550,cfs
CLAFTCCO,2021-06-04,1760,cfs
CLAFTCCO,2021-06-05,2020,cfs
CLAFTCCO,2021-06-06,2170,cfs
CLAFTCCO,2021-06-07,2350,cfs
CLAFTCCO,2021-06-08,2390,cfs
CLAFTCCO,2021-06-09,2240,cfs
CLAFTCCO,2021-06-10,2030,cfs
CLAFTCCO,2021-06-11,1870,cfs
CLAFTCCO,2021-06-12,1610,cfs
CLAFTCCO,2021-06-13,1510,cfs
CLAFTCCO,2021-06-14,1500,cfs
CLAFTCCO,2021-06-15,1580,cfs
CLAFTCCO,2021-06-16,1680,cfs
CLAFTCCO,2021-06-17,1470,cfs
CLAFTCCO,2021-06-18,1360,cfs
CLAFTCCO,2021-06-19,1240,cfs
CLAFTCCO,2021-06-20,1250,cfs
CLAFTCCO,2021-06-21,1130,cfs
CLAFTCCO,2021-06-22,1040,cfs
CLAFTCCO,2021-06-23,949,cfs
CLAFTCCO,2021-06-24,876,cfs
CLAFTCCO,2021-06-25,939,cfs
CLAFTCCO,2021-06-26,1010,cfs
CLAFTCCO,2021-06-27,928,cfs
CLAFTCCO,2021-06-28,856,cfs
CLAFTCCO,2021-06-29,763,cfs
CLAFTCCO,2021-06-30,701,cfs
CLAFTCCO,2021-07-01,847,cfs
CLAFTCCO,2021-07-02,797,cfs
CLAFTCCO,2021-07-03,812,cfs
CLAFTCCO,2021-07-04,764,cfs
CLAFTCCO,2021-07-05,772,cfs
CLAFTCCO,2021-07-06,892,cfs
CLAFTCCO,2021-07-07,758,cfs
CLAFTCCO,2021-07-08,629,cfs
CLAFTCCO,2021-07-09,556,cfs
CLAFTCCO,2021-07-10,520,cfs
CLAFTCCO,2021-07-11,473,cfs
CLAFTCCO,2021-07-12,436,cfs
CLAFTCCO,2021-07-13,422,cfs
CLAFTCCO,2021-07-14,393,cfs
CLAFTCCO,2021-07-15,372,cfs
CLAFTCCO,2021-07-16,322,cfs
CLAFTCCO,2021-07-17,288,cfs
CLAFTCCO,2021-07-18,279,cfs
CLAFTCCO,2021-07-19,265,cfs
CLAFTCCO,2021-07-20,242,cfs
CLAFTCCO,2021-07-21,599,cfs
CLAFTCCO,2021-07-22,376,cfs
CLAFTCCO,2021-07-23,306,cfs
CLAFTCCO,2021-07-24,291,cfs
CLAFTCCO,2021-07-25,303,cfs
CLAFTCCO,2021-07-26,309,cfs
CLAFTCCO,2021-07-27,284,cfs
CLAFTCCO,2021-07-28,267,cfs
CLAFTCCO,2021-07-29,275,cfs
CLAFTCCO,2021-07-30,254,cfs
CLAFTCCO,2021-07-31,406,cfs
CLAFTCCO,2021-08-01,502,cfs
CLAFTCCO,2021-08-02,403,cfs
CLAFTCCO,2021-08-03,556,cfs
CLAFTCCO,2021-08-04,833,cfs
CLAFTCCO,2021-08-05,577,cfs
CLAFTCCO,2021-08-06,458,cfs
CLAFTCCO,2021-08-07,602,cfs
CLAFTCCO,2021-08-08,590,cfs
CLAFTCCO,2021-08-09,532,cfs
CLAFTCCO,2021-08-10,502,cfs
CLAFTCCO,2021-08-11,410,cfs
CLAFTCCO,2021-08-12,361,cfs
CLAFTCCO,2021-08-13,314,cfs
CLAFTCCO,2021-08-14,299,cfs
CLAFTCCO,2021-08-15,332,cfs
CLAFTCCO,2021-08-16,345,cfs
CLAFTCCO,2021-08-17,346,cfs
CLAFTCCO,2021-08-18,330,cfs
CLAFTCCO,2021-08-19,318,cfs
CLAFTCCO,2021-08-20,290,cfs
CLAFTCCO,2021-08-21,291,cfs
CLAFTCCO,2021-08-22,354,cfs
CLAFTCCO,2021-08-23,319,cfs
CLAFTCCO,2021-08-24,292,cfs
CLAFTCCO,2021-08-25,277,cfs
CLAFTCCO,2021-08-26,226,cfs
CLAFTCCO,2021-08-27,210,cfs
CLAFTCCO,2021-08-28,204,cfs
CLAFTCCO,2021-08-29,216,cfs
CLAFTCCO,2021-08-30,214,cfs
CLAFTCCO,2021-08-31,199,cfs
CLAFTCCO,2021-09-01,172,cfs
CLAFTCCO,2021-09-02,178,cfs
CLAFTCCO,2021-09-03,194,cfs
CLAFTCCO,2021-09-04,207,cfs
CLAFTCCO,2021-09-05,187,cfs
CLAFTCCO,2021-09-06,173,cfs
CLAFTCCO,2021-09-07,164,cfs
CLAFTCCO,2021-09-08,157,cfs
CLAFTCCO,2021-09-09,137,cfs
CLAFTCCO,2021-09-10,129,cfs
CLAFTCCO,2021-09-11,114,cfs
CLAFTCCO,2021-09-12,116,cfs
CLAFTCCO,2021-09-13,119,cfs
CLAFTCCO,2021-09-14,115,cfs
CLAFTCCO,2021-09-15,112,cfs
CLAFTCCO,2021-09-16,104,cfs
CLAFTCCO,2021-09-17,96,cfs
CLAFTCCO,2021-09-18,95,cfs
CLAFTCCO,2021-09-19,68,cfs
CLAFTCCO,2021-09-20,81,cfs
CLAFTCCO,2021-09-21,90,cfs
CLAFTCCO,2021-09-22,83,cfs
CLAFTCCO,2021-09-23,78,cfs
CLAFTCCO,2021-09-24,77,cfs
CLAFTCCO,2021-09-25,72,cfs
CLAFTCCO,2021-09-26,69,cfs
CLAFTCCO,2021-09-27,63,cfs
CLAFTCCO,2021-09-28,62,cfs
CLAFTCCO,2021-09-29,66,cfs
CLAFTCCO,2021-09-30,89,cfs
CLAFTCCO,2021-10-01,84,cfs
CLAFTCCO,2021-10-02,72,cfs
CLAFTCCO,2021-10-03,65,cfs
CLAFTCCO,2021-10-04,58,cfs
CLAFTCCO,2021-10-05,56,cfs
CLAFTCCO,2021-10-06,56,cfs
CLAFTCCO,2021-10-07,69,cfs
CLAFTCCO,2021-10-08,69,cfs
CLAFTCCO,2021-10-09,64,cfs
CLAFTCCO,2021-10-10,80,cfs
CLAFTCCO,2021-10-11,85,cfs
CLAFTCCO,2021-10-12,90,cfs
CLAFTCCO,2021-10-13,104,cfs
CLAFTCCO,2021-10-14,101,cfs
CLAFTCCO,2021-10-15,102,cfs
CLAFTCCO,2021-10-16,82,cfs
CLAFTCCO,2021-10-17,81,cfs
CLAFTCCO,2021-10-18,85,cfs
CLAFTCCO,2021-10-19,89,cfs
CLAFTCCO,2021-10-20,88,cfs
CLAFTCCO,2021-10-21,76,cfs
CLAFTCCO,2021-10-22,75,cfs
CLAFTCCO,2021-10-23,75,cfs
CLAFTCCO,2021-10-24,76,cfs
CLAFTCCO,2021-10-25,76,cfs
CLAFTCCO,2021-10-26,79,cfs
CLAFTCCO,2021-10-27,88,cfs
CLAFTCCO,2021-10-28,88,cfs
CLAFTCCO,2021-10-29,86,cfs
CLAFTCCO,2021-10-30,92,cfs
CLAFTCCO,2021-10-31,97,cfs
CLAFTCCO,2021-11-01,103,cfs
CLAFTCCO,2021-11-02,93,cfs
CLAFTCCO,2021-11-03,93,cfs
CLAFTCCO,2021-11-04,97,cfs
CLAFTCCO,2021-11-05,87,cfs
CLAFTCCO,2021-11-06,85,cfs
CLAFTCCO,2021-11-07,81,cfs
CLAFTCCO,2021-11-08,83,cfs
CLAFTCCO,2021-11-09,80,cfs
CLAFTCCO,2021-11-10,78,cfs
CLAFTCCO,2021-11-11,72,cfs
CLAFTCCO,2021-11-12,54,cfs
CLAFTCCO,2021-11-13,61,cfs
CLAFTCCO,2021-11-14,78,cfs
CLAFTCCO,2021-11-15,74,cfs
CLAFTCCO,2021-11-16,72,cfs
CLAFTCCO,2021-11-17,70,cfs
CLAFTCCO,2021-11-18,57,cfs
CLAFTCCO,2021-11-19,48,cfs
CLAFTCCO,2021-11-20,81,cfs
CLAFTCCO,2021-11-21,71,cfs
CLAFTCCO,2021-11-22,59,cfs
CLAFTCCO,2021-11-23,68,cfs
CLAFTCCO,2021-11-24,67,cfs
CLAFTCCO,2021-11-25,58,cfs
CLAFTCCO,2021-11-26,43,cfs
CLAFTCCO,2021-11-27,77,cfs
CLAFTCCO,2021-11-28,71,cfs
CLAFTCCO,2021-11-29,71,cfs
CLAFTCCO,2021-11-30,62,cfs
CLAFTCCO,2021-12-01,60,cfs
CLAFTCCO,2021-12-02,59,cfs
CLAFTCCO,2021-12-03,60,cfs
CLAFTCCO,2021-12-04,60,cfs
CLAFTCCO,2021-12-05,64,cfs
CLAFTCCO,2021-12-06,55,cfs
CLAFTCCO,2021-12-07,50,cfs
CLAFTCCO,2021-12-08,60,cfs
CLAFTCCO,2021-12-09,60,cfs
CLAFTCCO,2021-12-10,55,cfs
CLAFTCCO,2021-12-11,45,cfs
CLAFTCCO,2021-12-12,24,cfs
CLAFTCCO,2021-12-13,40,cfs
CLAFTCCO,2021-12-14,66,cfs
CLAFTCCO,2021-12-15,73,cfs
CLAFTCCO,2021-12-16,40,cfs
CLAFTCCO,2021-12-17,35,cfs
CLAFTCCO,2021-12-18,35,cfs
CLAFTCCO,2021-12-19,45,cfs
CLAFTCCO,2021-12-20,65,cfs
CLAFTCCO,2021-12-21,69,cfs
CLAFTCCO,2021-12-22,59,cfs
CLAFTCCO,2021-12-23,54,cfs
CLAFTCCO,2021-12-24,45,cfs
CLAFTCCO,2021-12-25,35,cfs
CLAFTCCO,2021-12-26,45,cfs
CLAFTCCO,2021-12-27,45,cfs
CLAFTCCO,2021-12-28,40,cfs
CLAFTCCO,2021-12-29,35,cfs
CLAFTCCO,2021-12-30,40,cfs
CLAFTCCO,2021-12-31,40,cfs
CLAFTCCO,2022-01-01,35,cfs
CLAFTCCO,2022-01-02,40,cfs
CLAFTCCO,2022-01-03,40,cfs
CLAFTCCO,2022-01-04,45,cfs
CLAFTCCO,2022-01-05,40,cfs
CLAFTCCO,2022-01-06,35,cfs
CLAFTCCO,2022-01-07,45,cfs
CLAFTCCO,2022-01-08,55,cfs
CLAFTCCO,2022-01-09,50,cfs
CLAFTCCO,2022-01-10,60,cfs
CLAFTCCO,2022-01-11,65,cfs
CLAFTCCO,2022-01-12,65,cfs
CLAFTCCO,2022-01-13,65,cfs
CLAFTCCO,2022-01-14,60,cfs
CLAFTCCO,2022-01-15,60,cfs
CLAFTCCO,2022-01-16,55,cfs
CLAFTCCO,2022-01-17,55,cfs
CLAFTCCO,2022-01-18,55,cfs
CLAFTCCO,2022-01-19,50,cfs
CLAFTCCO,2022-01-20,40,cfs
CLAFTCCO,2022-01-21,50,cfs
CLAFTCCO,2022-01-22,50,cfs
CLAFTCCO,2022-01-23,55,cfs
CLAFTCCO,2022-01-24,60,cfs
CLAFTCCO,2022-01-25,50,cfs
CLAFTCCO,2022-01-26,45,cfs
CLAFTCCO,2022-01-27,50,cfs
CLAFTCCO,2022-01-28,55,cfs
CLAFTCCO,2022-01-29,60,cfs
CLAFTCCO,2022-01-30,60,cfs
CLAFTCCO,2022-01-31,60,cfs
CLAFTCCO,2022-02-01,55,cfs
CLAFTCCO,2022-02-02,45,cfs
CLAFTCCO,2022-02-03,40,cfs
CLAFTCCO,2022-02-04,45,cfs
CLAFTCCO,2022-02-05,55,cfs
CLAFTCCO,2022-02-06,50,cfs
CLAFTCCO,2022-02-07,55,cfs
CLAFTCCO,2022-02-08,65,cfs
CLAFTCCO,2022-02-09,60,cfs
CLAFTCCO,2022-02-10,65,cfs
CLAFTCCO,2022-02-11,60,cfs
CLAFTCCO,2022-02-12,50,cfs
CLAFTCCO,2022-02-13,65,cfs
CLAFTCCO,2022-02-14,70,cfs
CLAFTCCO,2022-02-15,70,cfs
CLAFTCCO,2022-02-16,65,cfs
CLAFTCCO,2022-02-17,55,cfs
CLAFTCCO,2022-02-18,60,cfs
CLAFTCCO,2022-02-19,65,cfs
CLAFTCCO,2022-02-20,70,cfs
CLAFTCCO,2022-02-21,55,cfs
CLAFTCCO,2022-02-22,45,cfs
CLAFTCCO,2022-02-23,35,cfs
CLAFTCCO,2022-02-24,40,cfs
CLAFTCCO,2022-02-25,45,cfs
CLAFTCCO,2022-02-26,50,cfs
CLAFTCCO,2022-02-27,60,cfs
CLAFTCCO,2022-02-28,70,cfs
CLAFTCCO,2022-03-01,75,cfs
CLAFTCCO,2022-03-02,75,cfs
CLAFTCCO,2022-03-03,75,cfs
CLAFTCCO,2022-03-04,77,cfs
CLAFTCCO,2022-03-05,82,cfs
CLAFTCCO,2022-03-06,70,cfs
CLAFTCCO,2022-03-07,55,cfs
CLAFTCCO,2022-03-08,55,cfs
CLAFTCCO,2022-03-09,50,cfs
CLAFTCCO,2022-03-10,45,cfs
CLAFTCCO,2022-03-11,55,cfs
CLAFTCCO,2022-03-12,70,cfs
CLAFTCCO,2022-03-13,74,cfs
CLAFTCCO,2022-03-14,63,cfs
CLAFTCCO,2022-03-15,64,cfs
CLAFTCCO,2022-03-16,67,cfs
CLAFTCCO,2022-03-17,65,cfs
CLAFTCCO,2022-03-18,51,cfs
CLAFTCCO,2022-03-19,54,cfs
CLAFTCCO,2022-03-20,62,cfs
CLAFTCCO,2022-03-21,60,cfs
CLAFTCCO,2022-03-22,57,cfs
CLAFTCCO,2022-03-23,54,cfs
CLAFTCCO,2022-03-24,64,cfs
CLAFTCCO,2022-03-25,71,cfs
CLAFTCCO,2022-03-26,78,cfs
CLAFTCCO,2022-03-27,95,cfs
CLAFTCCO,2022-03-28,116,cfs
CLAFTCCO,2022-03-29,122,cfs
CLAFTCCO,2022-03-30,125,cfs
CLAFTCCO,2022-03-31,108,cfs
CLAFTCCO,2022-04-01,106,cfs
CLAFTCCO,2022-04-02,102,cfs
CLAFTCCO,2022-04-03,104,cfs
CLAFTCCO,2022-04-04,108,cfs
CLAFTCCO,2022-04-05,113,cfs
CLAFTCCO,2022-04-06,111,cfs
CLAFTCCO,2022-04-07,98,cfs
CLAFTCCO,2022-04-08,121,cfs
CLAFTCCO,2022-04-09,132,cfs
CLAFTCCO,2022-04-10,153,cfs
CLAFTCCO,2022-04-11,138,cfs
CLAFTCCO,2022-04-12,155,cfs
CLAFTCCO,2022-04-13,117,cfs
CLAFTCCO,2022-04-14,101,cfs
CLAFTCCO,2022-04-15,119,cfs
CLAFTCCO,2022-04-16,115,cfs
CLAFTCCO,2022-04-17,110,cfs
CLAFTCCO,2022-04-18,107,cfs
CLAFTCCO,2022-04-19,114,cfs
CLAFTCCO,2022-04-20,152,cfs
CLAFTCCO,2022-04-21,193,cfs
CLAFTCCO,2022-04-22,215,cfs
CLAFTCCO,2022-04-23,251,cfs
CLAFTCCO,2022-04-24,198,cfs
CLAFTCCO,2022-04-25,201,cfs
CLAFTCCO,2022-04-26,217,cfs
CLAFTCCO,2022-04-27,261,cfs
CLAFTCCO,2022-04-28,344,cfs
CLAFTCCO,2022-04-29,301,cfs
CLAFTCCO,2022-04-30,292,cfs
CLAFTCCO,2022-05-01,286,cfs
CLAFTCCO,2022-05-02,290,cfs
CLAFTCCO,2022-05-03,208,cfs
CLAFTCCO,2022-05-04,254,cfs
CLAFTCCO,2022-05-05,214,cfs
CLAFTCCO,2022-05-06,224,cfs
CLAFTCCO,2022-05-07,454,cfs
CLAFTCCO,2022-05-08,734,cfs
CLAFTCCO,2022-05-09,672,cfs
CLAFTCCO,2022-05-10,613,cfs
CLAFTCCO,2022-05-11,1110,cfs
CLAFTCCO,2022-05-12,1430,cfs
CLAFTCCO,2022-05-13,1170,cfs
CLAFTCCO,2022-05-14,1300,cfs
CLAFTCCO,2022-05-15,1540,cfs
CLAFTCCO,2022-05-16,1890,cfs
CLAFTCCO,2022-05-17,1740,cfs
CLAFTCCO,2022-05-18,1860,cfs
CLAFTCCO,2022-05-19,2130,cfs
CLAFTCCO,2022-05-20,1940,cfs
CLAFTCCO,2022-05-21,1390,cfs
CLAFTCCO,2022-05-22,1170,cfs
CLAFTCCO,2022-05-23,1120,cfs
CLAFTCCO,2022-05-24,1050,cfs
CLAFTCCO,2022-05-25,970,cfs
CLAFTCCO,2022-05-26,1060,cfs
CLAFTCCO,2022-05-27,1170,cfs
CLAFTCCO,2022-05-28,1230,cfs
CLAFTCCO,2022-05-29,1340,cfs
CLAFTCCO,2022-05-30,1220,cfs
CLAFTCCO,2022-05-31,1050,cfs
CLAFTCCO,2022-06-01,1050,cfs
CLAFTCCO,2022-06-02,1090,cfs
CLAFTCCO,2022-06-03,1170,cfs
CLAFTCCO,2022-06-04,1130,cfs
CLAFTCCO,2022-06-05,1300,cfs
CLAFTCCO,2022-06-06,1580,cfs
CLAFTCCO,2022-06-07,1840,cfs
CLAFTCCO,2022-06-08,1800,cfs
CLAFTCCO,2022-06-09,1800,cfs
CLAFTCCO,2022-06-10,2160,cfs
CLAFTCCO,2022-06-11,2290,cfs
CLAFTCCO,2022-06-12,2630,cfs
CLAFTCCO,2022-06-13,2320,cfs
CLAFTCCO,2022-06-14,2090,cfs
CLAFTCCO,2022-06-15,1600,cfs
CLAFTCCO,2022-06-16,1310,cfs
CLAFTCCO,2022-06-17,1410,cfs
CLAFTCCO,2022-06-18,1760,cfs
CLAFTCCO,2022-06-19,1620,cfs
CLAFTCCO,2022-06-20,1450,cfs
CLAFTCCO,2022-06-21,1300,cfs
CLAFTCCO,2022-06-22,1330,cfs
CLAFTCCO,2022-06-23,1290,cfs
CLAFTCCO,2022-06-24,1150,cfs
CLAFTCCO,2022-06-25,1160,cfs
CLAFTCCO,2022-06-26,1050,cfs
CLAFTCCO,2022-06-27,1070,cfs
CLAFTCCO,2022-06-28,983,cfs
CLAFTCCO,2022-06-29,932,cfs
CLAFTCCO,2022-06-30,923,cfs
CLAFTCCO,2022-07-01,935,cfs
CLAFTCCO,2022-07-02,881,cfs
CLAFTCCO,2022-07-03,824,cfs
CLAFTCCO,2022-07-04,895,cfs
CLAFTCCO,2022-07-05,874,cfs
CLAFTCCO,2022-07-06,947,cfs
CLAFTCCO,2022-07-07,814,cfs
CLAFTCCO,2022-07-08,738,cfs
CLAFTCCO,2022-07-09,660,cfs
CLAFTCCO,2022-07-10,615,cfs
CLAFTCCO,2022-07-11,573,cfs
CLAFTCCO,2022-07-12,517,cfs
CLAFTCCO,2022-07-13,488,cfs
CLAFTCCO,2022-07-14,468,cfs
CLAFTCCO,2022-07-15,465,cfs
CLAFTCCO,2022-07-16,640,cfs
CLAFTCCO,2022-07-17,527,cfs
CLAFTCCO,2022-07-18,457,cfs
CLAFTCCO,2022-07-19,401,cfs
CLAFTCCO,2022-07-20,393,cfs
CLAFTCCO,2022-07-21,371,cfs
CLAFTCCO,2022-07-22,334,cfs
CLAFTCCO,2022-07-23,336,cfs
CLAFTCCO,2022-07-24,376,cfs
CLAFTCCO,2022-07-25,375,cfs
CLAFTCCO,2022-07-26,354,cfs
CLAFTCCO,2022-07-27,328,cfs
CLAFTCCO,2022-07-28,358,cfs
CLAFTCCO,2022-07-29,384,cfs
CLAFTCCO,2022-07-30,304,cfs
CLAFTCCO,2022-07-31,292,cfs
CLAFTCCO,2022-08-01,291,cfs
CLAFTCCO,2022-08-02,274,cfs
CLAFTCCO,2022-08-03,261,cfs
CLAFTCCO,2022-08-04,256,cfs
CLAFTCCO,2022-08-05,231,cfs
CLAFTCCO,2022-08-06,293,cfs
CLAFTCCO,2022-08-07,275,cfs
CLAFTCCO,2022-08-08,246,cfs
CLAFTCCO,2022-08-09,220,cfs
CLAFTCCO,2022-08-10,216,cfs
CLAFTCCO,2022-08-11,217,cfs
CLAFTCCO,2022-08-12,224,cfs
CLAFTCCO,2022-08-13,229,cfs
CLAFTCCO,2022-08-14,290,cfs
CLAFTCCO,2022-08-15,301,cfs
CLAFTCCO,2022-08-16,430,cfs
CLAFTCCO,2022-08-17,369,cfs
CLAFTCCO,2022-08-18,371,cfs
CLAFTCCO,2022-08-19,330,cfs
CLAFTCCO,2022-08-20,319,cfs
CLAFTCCO,2022-08-21,316,cfs
CLAFTCCO,2022-08-22,360,cfs
CLAFTCCO,2022-08-23,290,cfs
CLAFTCCO,2022-08-24,285,cfs
CLAFTCCO,2022-08-25,261,cfs
CLAFTCCO,2022-08-26,238,cfs
CLAFTCCO,2022-08-27,256,cfs
CLAFTCCO,2022-08-28,247,cfs
CLAFTCCO,2022-08-29,233,cfs
CLAFTCCO,2022-08-30,222,cfs
CLAFTCCO,2022-08-31,194,cfs
CLAFTCCO,2022-09-01,178,cfs
CLAFTCCO,2022-09-02,152,cfs
CLAFTCCO,2022-09-03,151,cfs
CLAFTCCO,2022-09-04,165,cfs
CLAFTCCO,2022-09-05,148,cfs
CLAFTCCO,2022-09-06,143,cfs
CLAFTCCO,2022-09-07,135,cfs
CLAFTCCO,2022-09-08,124,cfs
CLAFTCCO,2022-09-09,122,cfs
CLAFTCCO,2022-09-10,126,cfs
CLAFTCCO,2022-09-11,93,cfs
CLAFTCCO,2022-09-12,77,cfs
CLAFTCCO,2022-09-13,53,cfs
CLAFTCCO,2022-09-14,43,cfs
CLAFTCCO,2022-09-15,70,cfs
CLAFTCCO,2022-09-16,85,cfs
CLAFTCCO,2022-09-17,89,cfs
CLAFTCCO,2022-09-18,93,cfs
CLAFTCCO,2022-09-19,77,cfs
CLAFTCCO,2022-09-20,85,cfs
CLAFTCCO,2022-09-21,85,cfs
CLAFTCCO,2022-09-22,117,cfs
CLAFTCCO,2022-09-23,107,cfs
CLAFTCCO,2022-09-24,86,cfs
CLAFTCCO,2022-09-25,69,cfs
CLAFTCCO,2022-09-26,66,cfs
CLAFTCCO,2022-09-27,53,cfs
CLAFTCCO,2022-09-28,55,cfs
CLAFTCCO,2022-09-29,64,cfs
CLAFTCCO,2022-09-30,51,cfs
CLARIVCO,2020-10-01,33,cfs
CLARIVCO,2020-10-02,28,cfs
CLARIVCO,2020-10-03,43,cfs
CLARIVCO,2020-10-04,43,cfs
CLARIVCO,2020-10-05,42,cfs
CLARIVCO,2020-10-06,42,cfs
CLARIVCO,2020-10-07,41,cfs
CLARIVCO,2020-10-08,42,cfs
CLARIVCO,2020-10-09,44,cfs
CLARIVCO,2020-10-10,46,cfs
CLARIVCO,2020-10-11,47,cfs
CLARIVCO,2020-10-12,49,cfs
CLARIVCO,2020-10-13,50,cfs
CLARIVCO,2020-10-14,50,cfs
CLARIVCO,2020-10-15,52,cfs
CLARIVCO,2020-10-16,45,cfs
CLARIVCO,2020-10-17,43,cfs
CLARIVCO,2020-10-18,43,cfs
CLARIVCO,2020-10-19,42,cfs
CLARIVCO,2020-10-20,45,cfs
CLARIVCO,2020-10-21,48,cfs
CLARIVCO,2020-10-22,46,cfs
CLARIVCO,2020-10-23,59,cfs
CLARIVCO,2020-10-24,308,cfs
CLARIVCO,2020-10-25,404,cfs
CLARIVCO,2020-10-26,401,cfs
CLARIVCO,2020-10-27,394,cfs
CLARIVCO,2020-10-28,378,cfs
CLARIVCO,2020-10-29,334,cfs
CLARIVCO,2020-10-30,238,cfs
CLARIVCO,2020-10-31,79,cfs
CLARIVCO,2020-11-01,39.6,cfs
CLARIVCO,2020-11-11,17.3,cfs
CLARIVCO,2020-11-12,17,cfs
CLARIVCO,2020-11-13,17,cfs
CLARIVCO,2020-11-14,16,cfs
CLARIVCO,2020-11-15,17,cfs
CLARIVCO,2020-11-16,17,cfs
CLARIVCO,2020-11-17,16,cfs
CLARIVCO,2020-11-18,16,cfs
CLARIVCO,2020-11-19,16,cfs
CLARIVCO,2020-11-20,16,cfs
CLARIVCO,2020-11-21,16,cfs
CLARIVCO,2020-11-22,16,cfs
CLARIVCO,2020-11-23,14,cfs
CLARIVCO,2020-11-24,18,cfs
CLARIVCO,2020-11-25,20,cfs
CLARIVCO,2020-11-26,18,cfs
CLARIVCO,2020-11-27,18,cfs
CLARIVCO,2020-11-28,18,cfs
CLARIVCO,2020-11-29,17,cfs
CLARIVCO,2020-11-30,18,cfs
CLARIVCO,2020-12-01,17,cfs
CLARIVCO,2020-12-02,22,cfs
CLARIVCO,2020-12-03,32,cfs
CLARIVCO,2020-12-04,22,cfs
CLARIVCO,2020-12-05,17,cfs
CLARIVCO,2020-12-06,17,cfs
CLARIVCO,2020-12-07,17,cfs
CLARIVCO,2020-12-08,17,cfs
CLARIVCO,2020-12-09,18,cfs
CLARIVCO,2020-12-10,18,cfs
CLARIVCO,2020-12-11,20,cfs
CLARIVCO,2020-12-12,20,cfs
CLARIVCO,2020-12-13,30,cfs
CLARIVCO,2020-12-14,39,cfs
CLARIVCO,2020-12-15,33,cfs
CLARIVCO,2020-12-16,44,cfs
CLARIVCO,2020-12-17,37,cfs
CLARIVCO,2020-12-18,26,cfs
CLARIVCO,2020-12-19,26,cfs
CLARIVCO,2020-12-20,30,cfs
CLARIVCO,2020-12-21,24,cfs
CLARIVCO,2020-12-22,23,cfs
CLARIVCO,2020-12-23,30,cfs
CLARIVCO,2020-12-24,37,cfs
CLARIVCO,2020-12-25,33,cfs
CLARIVCO,2020-12-26,28,cfs
CLARIVCO,2020-12-27,17,cfs
CLARIVCO,2020-12-28,17,cfs
CLARIVCO,2020-12-29,19,cfs
CLARIVCO,2020-12-30,36,cfs
CLARIVCO,2020-12-31,35,cfs
CLARIVCO,2021-01-01,21,cfs
CLARIVCO,2021-01-02,31,cfs
CLARIVCO,2021-01-03,24,cfs
CLARIVCO,2021-01-04,21,cfs
CLARIVCO,2021-01-05,19,cfs
CLARIVCO,2021-01-06,21,cfs
CLARIVCO,2021-01-07,21,cfs
CLARIVCO,2021-01-08,22,cfs
CLARIVCO,2021-01-09,18,cfs
CLARIVCO,2021-01-10,17,cfs
CLARIVCO,2021-01-11,31,cfs
CLARIVCO,2021-01-12,35,cfs
CLARIVCO,2021-01-13,31,cfs
CLARIVCO,2021-01-14,29,cfs
CLARIVCO,2021-01-15,44,cfs
CLARIVCO,2021-01-16,33,cfs
CLARIVCO,2021-01-17,19,cfs
CLARIVCO,2021-01-18,18,cfs
CLARIVCO,2021-01-19,33,cfs
CLARIVCO,2021-01-20,38,cfs
CLARIVCO,2021-01-21,69,cfs
CLARIVCO,2021-01-22,106,cfs
CLARIVCO,2021-01-23,19,cfs
CLARIVCO,2021-01-24,18,cfs
CLARIVCO,2021-01-25,18,cfs
CLARIVCO,2021-01-26,18,cfs
CLARIVCO,2021-01-27,21,cfs
CLARIVCO,2021-01-28,22,cfs
CLARIVCO,2021-01-29,25,cfs
CLARIVCO,2021-01-30,20,cfs
CLARIVCO,2021-01-31,18,cfs
CLARIVCO,2021-02-01,18,cfs
CLARIVCO,2021-02-02,19,cfs
CLARIVCO,2021-02-03,20,cfs
CLARIVCO,2021-02-04,18,cfs
CLARIVCO,2021-02-05,21,cfs
CLARIVCO,2021-02-06,19,cfs
CLARIVCO,2021-02-07,18,cfs
CLARIVCO,2021-02-08,17,cfs
CLARIVCO,2021-02-09,17,cfs
CLARIVCO,2021-02-10,6.7,cfs
CLARIVCO,2021-02-11,2.4,cfs
CLARIVCO,2021-02-12,4.3,cfs
CLARIVCO,2021-02-13,6.5,cfs
CLARIVCO,2021-02-14,3.4,cfs
CLARIVCO,2021-02-15,3.2,cfs
CLARIVCO,2021-02-16,3,cfs
CLARIVCO,2021-02-17,2.5,cfs
CLARIVCO,2021-02-18,2.3,cfs
CLARIVCO,2021-02-19,2.2,cfs
CLARIVCO,2021-02-20,2.1,cfs
CLARIVCO,2021-02-21,2.1,cfs
CLARIVCO,2021-02-22,11,cfs
CLARIVCO,2021-02-23,20,cfs
CLARIVCO,2021-02-24,19,cfs
CLARIVCO,2021-02-25,20,cfs
CLARIVCO,2021-02-26,20,cfs
CLARIVCO,2021-02-27,20,cfs
CLARIVCO,2021-02-28,20,cfs
CLARIVCO,2021-03-01,20,cfs
CLARIVCO,2021-03-02,19,cfs
CLARIVCO,2021-03-03,18,cfs
CLARIVCO,2021-03-04,20,cfs
CLARIVCO,2021-03-05,23,cfs
CLARIVCO,2021-03-06,19,cfs
CLARIVCO,2021-03-07,17,cfs
CLARIVCO,2021-03-08,16,cfs
CLARIVCO,2021-03-09,16,cfs
CLARIVCO,2021-03-10,16,cfs
CLARIVCO,2021-03-11,17,cfs
CLARIVCO,2021-03-12,17,cfs
CLARIVCO,2021-03-13,17,cfs
CLARIVCO,2021-03-14,25,cfs
CLARIVCO,2021-03-15,25,cfs
CLARIVCO,2021-03-16,21,cfs
CLARIVCO,2021-03-17,34,cfs
CLARIVCO,2021-03-18,56,cfs
CLARIVCO,2021-03-19,48,cfs
CLARIVCO,2021-03-20,49,cfs
CLARIVCO,2021-03-21,54,cfs
CLARIVCO,2021-03-22,51,cfs
CLARIVCO,2021-03-23,50,cfs
CLARIVCO,2021-03-24,55,cfs
CLARIVCO,2021-03-25,55,cfs
CLARIVCO,2021-03-26,52,cfs
CLARIVCO,2021-03-27,56,cfs
CLARIVCO,2021-03-28,53,cfs
CLARIVCO,2021-03-29,54,cfs
CLARIVCO,2021-03-30,54,cfs
CLARIVCO,2021-03-31,44,cfs
CLARIVCO,2021-04-01,40,cfs
CLARIVCO,2021-04-02,53,cfs
CLARIVCO,2021-04-03,61,cfs
CLARIVCO,2021-04-04,58,cfs
CLARIVCO,2021-04-05,39,cfs
CLARIVCO,2021-04-06,45,cfs
CLARIVCO,2021-04-07,43,cfs
CLARIVCO,2021-04-08,43,cfs
CLARIVCO,2021-04-09,43,cfs
CLARIVCO,2021-04-10,45,cfs
CLARIVCO,2021-04-11,42,cfs
CLARIVCO,2021-04-12,40,cfs
CLARIVCO,2021-04-13,36,cfs
CLARIVCO,2021-04-14,35,cfs
CLARIVCO,2021-04-15,38,cfs
CLARIVCO,2021-04-16,37,cfs
CLARIVCO,2021-04-17,41,cfs
CLARIVCO,2021-04-18,32,cfs
CLARIVCO,2021-04-19,30,cfs
CLARIVCO,2021-04-20,29,cfs
CLARIVCO,2021-04-21,30,cfs
CLARIVCO,2021-04-22,30,cfs
CLARIVCO,2021-04-23,30,cfs
CLARIVCO,2021-04-24,29,cfs
CLARIVCO,2021-04-25,29,cfs
CLARIVCO,2021-04-26,28,cfs
CLARIVCO,2021-04-27,28,cfs
CLARIVCO,2021-04-28,33,cfs
CLARIVCO,2021-04-29,25,cfs
CLARIVCO,2021-04-30,62,cfs
CLARIVCO,2021-05-01,385,cfs
CLARIVCO,2021-05-02,530,cfs
CLARIVCO,2021-05-03,849,cfs
CLARIVCO,2021-05-04,1500,cfs
CLARIVCO,2021-05-05,1420,cfs
CLARIVCO,2021-05-06,1330,cfs
CLARIVCO,2021-05-07,1220,cfs
CLARIVCO,2021-05-08,1330,cfs
CLARIVCO,2021-05-09,1490,cfs
CLARIVCO,2021-05-10,1230,cfs
CLARIVCO,2021-05-11,1370,cfs
CLARIVCO,2021-05-12,1130,cfs
CLARIVCO,2021-05-13,1070,cfs
CLARIVCO,2021-05-14,881,cfs
CLARIVCO,2021-05-15,886,cfs
CLARIVCO,2021-05-16,984,cfs
CLARIVCO,2021-05-17,1050,cfs
CLARIVCO,2021-05-18,1080,cfs
CLARIVCO,2021-05-19,1360,cfs
CLARIVCO,2021-05-20,978,cfs
CLARIVCO,2021-05-21,1060,cfs
CLARIVCO,2021-05-22,1060,cfs
CLARIVCO,2021-05-23,1630,cfs
CLARIVCO,2021-05-24,1610,cfs
CLARIVCO,2021-05-25,1060,cfs
CLARIVCO,2021-05-26,951,cfs
CLARIVCO,2021-05-27,710,cfs
CLARIVCO,2021-05-28,776,cfs
CLARIVCO,2021-05-29,823,cfs
CLARIVCO,2021-05-30,891,cfs
CLARIVCO,2021-05-31,1010,cfs
CLARIVCO,2021-06-01,1020,cfs
CLARIVCO,2021-06-02,908,cfs
CLARIVCO,2021-06-03,919,cfs
CLARIVCO,2021-06-04,1090,cfs
CLARIVCO,2021-06-05,1230,cfs
CLARIVCO,2021-06-06,1430,cfs
CLARIVCO,2021-06-07,1480,cfs
CLARIVCO,2021-06-08,1420,cfs
CLARIVCO,2021-06-09,1290,cfs
CLARIVCO,2021-06-10,1010,cfs
CLARIVCO,2021-06-11,760,cfs
CLARIVCO,2021-06-12,407,cfs
CLARIVCO,2021-06-13,251,cfs
CLARIVCO,2021-06-14,159,cfs
CLARIVCO,2021-06-15,102,cfs
CLARIVCO,2021-06-16,162,cfs
CLARIVCO,2021-06-17,58,cfs
CLARIVCO,2021-06-18,50,cfs
CLARIVCO,2021-06-19,55,cfs
CLARIVCO,2021-06-20,57,cfs
CLARIVCO,2021-06-21,58,cfs
CLARIVCO,2021-06-22,59,cfs
CLARIVCO,2021-06-23,58,cfs
CLARIVCO,2021-06-24,56,cfs
CLARIVCO,2021-06-25,72,cfs
CLARIVCO,2021-06-26,164,cfs
CLARIVCO,2021-06-27,123,cfs
CLARIVCO,2021-06-28,60,cfs
CLARIVCO,2021-06-29,59,cfs
CLARIVCO,2021-06-30,75,cfs
CLARIVCO,2021-07-01,210,cfs
CLARIVCO,2021-07-02,366,cfs
CLARIVCO,2021-07-03,132,cfs
CLARIVCO,2021-07-04,79,cfs
CLARIVCO,2021-07-05,271,cfs
CLARIVCO,2021-07-06,161,cfs
CLARIVCO,2021-07-07,108,cfs
CLARIVCO,2021-07-08,51,cfs
CLARIVCO,2021-07-09,58,cfs
CLARIVCO,2021-07-10,64,cfs
CLARIVCO,2021-07-11,63,cfs
CLARIVCO,2021-07-12,64,cfs
CLARIVCO,2021-07-13,63,cfs
CLARIVCO,2021-07-14,64,cfs
CLARIVCO,2021-07-15,64,cfs
CLARIVCO,2021-07-16,64,cfs
CLARIVCO,2021-07-17,65,cfs
CLARIVCO,2021-07-18,64,cfs
CLARIVCO,2021-07-19,64,cfs
CLARIVCO,2021-07-20,62,cfs
CLARIVCO,2021-07-21,64,cfs
CLARIVCO,2021-07-22,58,cfs
CLARIVCO,2021-07-23,53,cfs
CLARIVCO,2021-07-24,52,cfs
CLARIVCO,2021-07-25,54,cfs
CLARIVCO,2021-07-26,53,cfs
CLARIVCO,2021-07-27,52,cfs
CLARIVCO,2021-07-28,53,cfs
CLARIVCO,2021-07-29,51,cfs
CLARIVCO,2021-07-30,49,cfs
CLARIVCO,2021-07-31,50,cfs
CLARIVCO,2021-08-01,51,cfs
CLARIVCO,2021-08-02,52,cfs
CLARIVCO,2021-08-03,60,cfs
CLARIVCO,2021-08-04,109,cfs
CLARIVCO,2021-08-05,69,cfs
CLARIVCO,2021-08-06,56,cfs
CLARIVCO,2021-08-07,55,cfs
CLARIVCO,2021-08-08,56,cfs
CLARIVCO,2021-08-09,56,cfs
CLARIVCO,2021-08-10,62,cfs
CLARIVCO,2021-08-11,65,cfs
CLARIVCO,2021-08-12,65,cfs
CLARIVCO,2021-08-13,65,cfs
CLARIVCO,2021-08-14,65,cfs
CLARIVCO,2021-08-15,64,cfs
CLARIVCO,2021-08-16,64,cfs
CLARIVCO,2021-08-17,65,cfs
CLARIVCO,2021-08-18,59,cfs
CLARIVCO,2021-08-19,58,cfs
CLARIVCO,2021-08-20,60,cfs
CLARIVCO,2021-08-21,59,cfs
CLARIVCO,2021-08-22,59,cfs
CLARIVCO,2021-08-23,58,cfs
CLARIVCO,2021-08-24,56,cfs
CLARIVCO,2021-08-25,62,cfs
CLARIVCO,2021-08-26,52,cfs
CLARIVCO,2021-08-27,59,cfs
CLARIVCO,2021-08-28,61,cfs
CLARIVCO,2021-08-29,58,cfs
CLARIVCO,2021-08-30,54,cfs
CLARIVCO,2021-08-31,50,cfs
CLARIVCO,2021-09-01,50,cfs
CLARIVCO,2021-09-02,59,cfs
CLARIVCO,2021-09-03,60,cfs
CLARIVCO,2021-09-04,61,cfs
CLARIVCO,2021-09-05,59,cfs
CLARIVCO,2021-09-06,59,cfs
CLARIVCO,2021-09-07,55,cfs
CLARIVCO,2021-09-08,51,cfs
CLARIVCO,2021-09-09,51,cfs
CLARIVCO,2021-09-10,45,cfs
CLARIVCO,2021-09-11,38,cfs
CLARIVCO,2021-09-12,33,cfs
CLARIVCO,2021-09-13,28,cfs
CLARIVCO,2021-09-14,25,cfs
CLARIVCO,2021-09-15,39,cfs
CLARIVCO,2021-09-16,48,cfs
CLARIVCO,2021-09-17,51,cfs
CLARIVCO,2021-09-18,50,cfs
CLARIVCO,2021-09-19,48,cfs
CLARIVCO,2021-09-20,47,cfs
CLARIVCO,2021-09-21,48,cfs
CLARIVCO,2021-09-22,48,cfs
CLARIVCO,2021-09-23,46,cfs
CLARIVCO,2021-09-24,42,cfs
CLARIVCO,2021-09-25,36,cfs
CLARIVCO,2021-09-26,31,cfs
CLARIVCO,2021-09-27,30,cfs
CLARIVCO,2021-09-28,30,cfs
CLARIVCO,2021-09-29,34,cfs
CLARIVCO,2021-09-30,35,cfs
CLARIVCO,2021-10-01,35,cfs
CLARIVCO,2021-10-02,35,cfs
CLARIVCO,2021-10-03,36,cfs
CLARIVCO,2021-10-04,35,cfs
CLARIVCO,2021-10-05,31,cfs
CLARIVCO,2021-10-06,38,cfs
CLARIVCO,2021-10-07,48,cfs
CLARIVCO,2021-10-08,46,cfs
CLARIVCO,2021-10-09,55,cfs
CLARIVCO,2021-10-10,54,cfs
CLARIVCO,2021-10-11,56,cfs
CLARIVCO,2021-10-12,50,cfs
CLARIVCO,2021-10-13,51,cfs
CLARIVCO,2021-10-14,58,cfs
CLARIVCO,2021-10-15,60,cfs
CLARIVCO,2021-10-16,71,cfs
CLARIVCO,2021-10-17,65,cfs
CLARIVCO,2021-10-18,56,cfs
CLARIVCO,2021-10-19,49,cfs
CLARIVCO,2021-10-20,44,cfs
CLARIVCO,2021-10-21,52,cfs
CLARIVCO,2021-10-22,52,cfs
CLARIVCO,2021-10-23,54,cfs
CLARIVCO,2021-10-24,54,cfs
CLARIVCO,2021-10-25,51,cfs
CLARIVCO,2021-10-26,36,cfs
CLARIVCO,2021-10-27,41,cfs
CLARIVCO,2021-10-28,41,cfs
CLARIVCO,2021-10-29,36,cfs
CLARIVCO,2021-10-30,55,cfs
CLARIVCO,2021-10-31,113,cfs
CLARIVCO,2021-11-01,99,cfs
CLARIVCO,2021-11-02,64,cfs
CLARIVCO,2021-11-03,29,cfs
CLARIVCO,2021-11-04,36,cfs
CLARIVCO,2021-11-05,31,cfs
CLARIVCO,2021-11-06,28,cfs
CLARIVCO,2021-11-07,27,cfs
CLARIVCO,2021-11-08,27,cfs
CLARIVCO,2021-11-09,28,cfs
CLARIVCO,2021-11-10,28,cfs
CLARIVCO,2021-11-11,28,cfs
CLARIVCO,2021-11-12,40,cfs
CLARIVCO,2021-11-13,22,cfs
CLARIVCO,2021-11-14,19,cfs
CLARIVCO,2021-11-15,19,cfs
CLARIVCO,2021-11-16,18,cfs
CLARIVCO,2021-11-17,19,cfs
CLARIVCO,2021-11-18,19,cfs
CLARIVCO,2021-11-19,19,cfs
CLARIVCO,2021-11-20,19,cfs
CLARIVCO,2021-11-21,19,cfs
CLARIVCO,2021-11-22,19,cfs
CLARIVCO,2021-11-23,20,cfs
CLARIVCO,2021-11-24,19,cfs
CLARIVCO,2021-11-25,14,cfs
CLARIVCO,2021-12-11,0,cfs
CLARIVCO,2021-12-12,1.58,cfs
CLARIVCO,2022-01-01,21,cfs
CLARIVCO,2022-01-02,31,cfs
CLARIVCO,2022-01-03,30,cfs
CLARIVCO,2022-01-04,31,cfs
CLARIVCO,2022-01-05,23,cfs
CLARIVCO,2022-01-06,23,cfs
CLARIVCO,2022-01-07,21,cfs
CLARIVCO,2022-01-08,23,cfs
CLARIVCO,2022-01-09,22,cfs
CLARIVCO,2022-01-10,20,cfs
CLARIVCO,2022-01-11,20,cfs
CLARIVCO,2022-01-12,21,cfs
CLARIVCO,2022-01-13,21,cfs
CLARIVCO,2022-01-14,21,cfs
CLARIVCO,2022-01-15,20,cfs
CLARIVCO,2022-01-16,20,cfs
CLARIVCO,2022-01-17,20,cfs
CLARIVCO,2022-01-18,20,cfs
CLARIVCO,2022-01-19,20,cfs
CLARIVCO,2022-01-20,21,cfs
CLARIVCO,2022-01-21,21,cfs
CLARIVCO,2022-01-22,21.4,cfs
CLARIVCO,2022-01-23,21,cfs
CLARIVCO,2022-01-24,20,cfs
CLARIVCO,2022-01-25,21,cfs
CLARIVCO,2022-01-26,20,cfs
CLARIVCO,2022-01-27,20,cfs
CLARIVCO,2022-01-28,20,cfs
CLARIVCO,2022-01-29,20,cfs
CLARIVCO,2022-01-30,20,cfs
CLARIVCO,2022-01-31,20,cfs
CLARIVCO,2022-02-01,20,cfs
CLARIVCO,2022-02-02,22,cfs
CLARIVCO,2022-02-03,20,cfs
CLARIVCO,2022-02-04,24,cfs
CLARIVCO,2022-02-05,21,cfs
CLARIVCO,2022-02-06,21,cfs
CLARIVCO,2022-02-07,20,cfs
CLARIVCO,2022-02-08,20,cfs
CLARIVCO,2022-02-09,24,cfs
CLARIVCO,2022-02-10,26,cfs
CLARIVCO,2022-02-11,23,cfs
CLARIVCO,2022-02-12,22,cfs
CLARIVCO,2022-02-13,22,cfs
CLARIVCO,2022-02-14,22,cfs
CLARIVCO,2022-02-15,29,cfs
CLARIVCO,2022-02-16,44,cfs
CLARIVCO,2022-02-17,45,cfs
CLARIVCO,2022-02-18,45,cfs
CLARIVCO,2022-02-19,47,cfs
CLARIVCO,2022-02-20,47,cfs
CLARIVCO,2022-02-21,47,cfs
CLARIVCO,2022-02-22,46,cfs
CLARIVCO,2022-02-23,45,cfs
CLARIVCO,2022-02-24,44,cfs
CLARIVCO,2022-02-25,43,cfs
CLARIVCO,2022-02-26,44,cfs
CLARIVCO,2022-02-27,52,cfs
CLARIVCO,2022-02-28,55,cfs
CLARIVCO,2022-03-01,47,cfs
CLARIVCO,2022-03-02,51,cfs
CLARIVCO,2022-03-03,49.7,cfs
CLARIVCO,2022-03-04,40,cfs
CLARIVCO,2022-03-05,40,cfs
CLARIVCO,2022-03-06,39,cfs
CLARIVCO,2022-03-07,40,cfs
CLARIVCO,2022-03-08,41,cfs
CLARIVCO,2022-03-09,42,cfs
CLARIVCO,2022-03-10,41,cfs
CLARIVCO,2022-03-11,37,cfs
CLARIVCO,2022-03-12,40,cfs
CLARIVCO,2022-03-13,42,cfs
CLARIVCO,2022-03-14,41,cfs
CLARIVCO,2022-03-15,41,cfs
CLARIVCO,2022-03-16,41,cfs
CLARIVCO,2022-03-17,46,cfs
CLARIVCO,2022-03-18,46,cfs
CLARIVCO,2022-03-19,43,cfs
CLARIVCO,2022-03-20,41,cfs
CLARIVCO,2022-03-21,44,cfs
CLARIVCO,2022-03-22,49,cfs
CLARIVCO,2022-03-23,51,cfs
CLARIVCO,2022-03-24,51,cfs
CLARIVCO,2022-03-25,50,cfs
CLARIVCO,2022-03-26,51,cfs
CLARIVCO,2022-03-27,51,cfs
CLARIVCO,2022-03-28,50,cfs
CLARIVCO,2022-03-29,46,cfs
CLARIVCO,2022-03-30,47,cfs
CLARIVCO,2022-03-31,46,cfs
CLARIVCO,2022-04-01,46,cfs
CLARIVCO,2022-04-02,45,cfs
CLARIVCO,2022-04-03,44,cfs
CLARIVCO,2022-04-04,38,cfs
CLARIVCO,2022-04-05,36,cfs
CLARIVCO,2022-04-06,36,cfs
CLARIVCO,2022-04-07,44,cfs
CLARIVCO,2022-04-08,36,cfs
CLARIVCO,2022-04-09,31,cfs
CLARIVCO,2022-04-10,34,cfs
CLARIVCO,2022-04-11,39,cfs
CLARIVCO,2022-04-12,39,cfs
CLARIVCO,2022-04-13,43,cfs
CLARIVCO,2022-04-14,43,cfs
CLARIVCO,2022-04-15,40,cfs
CLARIVCO,2022-04-16,36,cfs
CLARIVCO,2022-04-17,31,cfs
CLARIVCO,2022-04-18,32,cfs
CLARIVCO,2022-04-19,35,cfs
CLARIVCO,2022-04-20,35,cfs
CLARIVCO,2022-04-21,36,cfs
CLARIVCO,2022-04-22,48,cfs
CLARIVCO,2022-04-23,55,cfs
CLARIVCO,2022-04-24,55,cfs
CLARIVCO,2022-04-25,59,cfs
CLARIVCO,2022-04-26,96,cfs
CLARIVCO,2022-04-27,139,cfs
CLARIVCO,2022-04-28,202,cfs
CLARIVCO,2022-04-29,138,cfs
CLARIVCO,2022-04-30,92,cfs
CLARIVCO,2022-05-01,71,cfs
CLARIVCO,2022-05-02,59,cfs
CLARIVCO,2022-05-03,57,cfs
CLARIVCO,2022-05-04,54,cfs
CLARIVCO,2022-05-05,78,cfs
CLARIVCO,2022-05-06,76,cfs
CLARIVCO,2022-05-07,66,cfs
CLARIVCO,2022-05-08,59,cfs
CLARIVCO,2022-05-09,168,cfs
CLARIVCO,2022-05-10,77,cfs
CLARIVCO,2022-05-11,239,cfs
CLARIVCO,2022-05-12,134,cfs
CLARIVCO,2022-05-13,53,cfs
CLARIVCO,2022-05-14,52,cfs
CLARIVCO,2022-05-15,92,cfs
CLARIVCO,2022-05-16,214,cfs
CLARIVCO,2022-05-17,212,cfs
CLARIVCO,2022-05-18,200,cfs
CLARIVCO,2022-05-19,474,cfs
CLARIVCO,2022-05-20,694,cfs
CLARIVCO,2022-05-21,362,cfs
CLARIVCO,2022-05-22,57,cfs
CLARIVCO,2022-05-23,54,cfs
CLARIVCO,2022-05-24,55,cfs
CLARIVCO,2022-05-25,51,cfs
CLARIVCO,2022-05-26,53,cfs
CLARIVCO,2022-05-27,59,cfs
CLARIVCO,2022-05-28,52,cfs
CLARIVCO,2022-05-29,54,cfs
CLARIVCO,2022-05-30,51,cfs
CLARIVCO,2022-05-31,47,cfs
CLARIVCO,2022-06-01,45,cfs
CLARIVCO,2022-06-02,49,cfs
CLARIVCO,2022-06-03,116,cfs
CLARIVCO,2022-06-04,319,cfs
CLARIVCO,2022-06-05,325,cfs
CLARIVCO,2022-06-06,320,cfs
CLARIVCO,2022-06-07,562,cfs
CLARIVCO,2022-06-08,594,cfs
CLARIVCO,2022-06-09,555,cfs
CLARIVCO,2022-06-10,780,cfs
CLARIVCO,2022-06-11,985,cfs
CLARIVCO,2022-06-12,1260,cfs
CLARIVCO,2022-06-13,1120,cfs
CLARIVCO,2022-06-14,645,cfs
CLARIVCO,2022-06-15,290,cfs
CLARIVCO,2022-06-16,51,cfs
CLARIVCO,2022-06-17,60,cfs
CLARIVCO,2022-06-18,150,cfs
CLARIVCO,2022-06-19,119,cfs
CLARIVCO,2022-06-20,75,cfs
CLARIVCO,2022-06-21,66,cfs
CLARIVCO,2022-06-22,60,cfs
CLARIVCO,2022-06-23,59,cfs
CLARIVCO,2022-06-24,64,cfs
CLARIVCO,2022-06-25,67,cfs
CLARIVCO,2022-06-26,65,cfs
CLARIVCO,2022-06-27,65,cfs
CLARIVCO,2022-06-28,65,cfs
CLARIVCO,2022-06-29,64,cfs
CLARIVCO,2022-06-30,64,cfs
CLARIVCO,2022-07-01,65,cfs
CLARIVCO,2022-07-02,64,cfs
CLARIVCO,2022-07-03,64,cfs
CLARIVCO,2022-07-04,65,cfs
CLARIVCO,2022-07-05,68,cfs
CLARIVCO,2022-07-06,70,cfs
CLARIVCO,2022-07-07,69,cfs
CLARIVCO,2022-07-08,70,cfs
CLARIVCO,2022-07-09,70,cfs
CLARIVCO,2022-07-10,70,cfs
CLARIVCO,2022-07-11,70,cfs
CLARIVCO,2022-07-12,71,cfs
CLARIVCO,2022-07-13,71,cfs
CLARIVCO,2022-07-14,69,cfs
CLARIVCO,2022-07-15,70,cfs
CLARIVCO,2022-07-16,69,cfs
CLARIVCO,2022-07-17,69,cfs
CLARIVCO,2022-07-18,71,cfs
CLARIVCO,2022-07-19,69,cfs
CLARIVCO,2022-07-20,71,cfs
CLARIVCO,2022-07-21,75,cfs
CLARIVCO,2022-07-22,75,cfs
CLARIVCO,2022-07-23,75,cfs
CLARIVCO,2022-07-24,75,cfs
CLARIVCO,2022-07-25,75,cfs
CLARIVCO,2022-07-26,75,cfs
CLARIVCO,2022-07-27,73,cfs
CLARIVCO,2022-07-28,129,cfs
CLARIVCO,2022-07-29,73,cfs
CLARIVCO,2022-07-30,56,cfs
CLARIVCO,2022-07-31,48,cfs
CLARIVCO,2022-08-01,52,cfs
CLARIVCO,2022-08-02,65,cfs
CLARIVCO,2022-08-03,71,cfs
CLARIVCO,2022-08-04,70,cfs
CLARIVCO,2022-08-05,69,cfs
CLARIVCO,2022-08-06,69,cfs
CLARIVCO,2022-08-07,69,cfs
CLARIVCO,2022-08-08,69,cfs
CLARIVCO,2022-08-09,66,cfs
CLARIVCO,2022-08-10,64,cfs
CLARIVCO,2022-08-11,65,cfs
CLARIVCO,2022-08-12,66,cfs
CLARIVCO,2022-08-13,66,cfs
CLARIVCO,2022-08-14,67,cfs
CLARIVCO,2022-08-15,66,cfs
CLARIVCO,2022-08-16,70,cfs
CLARIVCO,2022-08-17,70,cfs
CLARIVCO,2022-08-18,71,cfs
CLARIVCO,2022-08-19,69,cfs
CLARIVCO,2022-08-20,63,cfs
CLARIVCO,2022-08-21,64,cfs
CLARIVCO,2022-08-22,64,cfs
CLARIVCO,2022-08-23,64,cfs
CLARIVCO,2022-08-24,67,cfs
CLARIVCO,2022-08-25,69,cfs
CLARIVCO,2022-08-26,66,cfs
CLARIVCO,2022-08-27,65,cfs
CLARIVCO,2022-08-28,65,cfs
CLARIVCO,2022-08-29,64,cfs
CLARIVCO,2022-08-30,65,cfs
CLARIVCO,2022-08-31,66,cfs
CLARIVCO,2022-09-01,64,cfs
CLARIVCO,2022-09-02,59,cfs
CLARIVCO,2022-09-03,64,cfs
CLARIVCO,2022-09-04,62,cfs
CLARIVCO,2022-09-05,59,cfs
CLARIVCO,2022-09-06,61,cfs
CLARIVCO,2022-09-07,62,cfs
CLARIVCO,2022-09-08,62,cfs
CLARIVCO,2022-09-09,60,cfs
CLARIVCO,2022-09-10,57,cfs
CLARIVCO,2022-09-11,53,cfs
CLARIVCO,2022-09-12,52,cfs
CLARIVCO,2022-09-13,50,cfs
CLARIVCO,2022-09-14,49,cfs
CLARIVCO,2022-09-15,49,cfs
CLARIVCO,2022-09-16,49,cfs
CLARIVCO,2022-09-17,49,cfs
CLARIVCO,2022-09-18,49,cfs
CLARIVCO,2022-09-19,49,cfs
CLARIVCO,2022-09-20,48,cfs
CLARIVCO,2022-09-21,48,cfs
CLARIVCO,2022-09-22,50,cfs
CLARIVCO,2022-09-23,50,cfs
CLARIVCO,2022-09-24,48,cfs
CLARIVCO,2022-09-25,48,cfs
CLARIVCO,2022-09-26,48,cfs
CLARIVCO,2022-09-27,46,cfs
CLARIVCO,2022-09-28,46,cfs
CLARIVCO,2022-09-29,45,cfs
CLARIVCO,2022-09-30,44,cfs
